image_id,x1,y1,x2,y2,class,confidence
crazing_117.jpg,68.53651428222656,136.51516723632812,167.9485321044922,198.72657775878906,0,0.4534457325935364
crazing_119.jpg,0.0,22.845726013183594,140.86639404296875,91.9088363647461,0,0.3512793183326721
crazing_119.jpg,0.00286102294921875,0.0,58.5725212097168,54.22351837158203,0,0.34994426369667053
crazing_122.jpg,80.51016235351562,77.66559600830078,191.82928466796875,163.58551025390625,0,0.3504430949687958
crazing_122.jpg,81.99790954589844,124.65431213378906,186.6978759765625,163.55770874023438,0,0.3320719599723816
crazing_125.jpg,75.40023803710938,81.54346466064453,198.7921905517578,126.59706115722656,0,0.5190693140029907
crazing_125.jpg,29.948577880859375,143.8766326904297,145.96591186523438,199.79837036132812,0,0.4352055490016937
crazing_134.jpg,31.44087791442871,24.63892936706543,137.8542938232422,80.1560287475586,0,0.7519209980964661
crazing_134.jpg,27.092571258544922,84.94482421875,138.36996459960938,149.46270751953125,0,0.3300396203994751
crazing_136.jpg,185.97698974609375,79.52366638183594,200.0,113.28518676757812,2,0.6552630066871643
crazing_146.jpg,47.049922943115234,105.04825592041016,175.14625549316406,196.73175048828125,0,0.3820684552192688
crazing_149.jpg,54.72185134887695,108.2891845703125,163.25576782226562,183.80535888671875,0,0.5560827255249023
crazing_149.jpg,55.96442413330078,6.6782379150390625,135.44070434570312,70.2448959350586,0,0.5230181813240051
crazing_157.jpg,58.50160217285156,2.3687171936035156,168.38807678222656,84.39622497558594,0,0.588542640209198
crazing_180.jpg,49.60987091064453,152.43382263183594,185.14524841308594,199.81982421875,0,0.5082283020019531
crazing_180.jpg,17.199481964111328,60.7429313659668,152.99224853515625,115.46812438964844,0,0.25480401515960693
crazing_182.jpg,27.880706787109375,128.5238800048828,119.8160171508789,199.46853637695312,0,0.3451344668865204
crazing_182.jpg,141.88291931152344,19.983213424682617,195.3199005126953,81.11915588378906,0,0.27023133635520935
crazing_189.jpg,0.5000495910644531,0.22296905517578125,149.66473388671875,83.54608154296875,0,0.34882327914237976
crazing_189.jpg,0.4343223571777344,57.9435920715332,131.2421875,145.76734924316406,0,0.2822132706642151
crazing_200.jpg,0.4668998718261719,117.17904663085938,87.43844604492188,198.74118041992188,0,0.26347827911376953
crazing_204.jpg,0.23370742797851562,101.76100158691406,88.8375473022461,183.82904052734375,0,0.2774209678173065
crazing_206.jpg,7.793693542480469,22.759065628051758,199.29168701171875,133.09347534179688,0,0.30686041712760925
crazing_228.jpg,54.0965461730957,132.336181640625,199.24972534179688,199.9727783203125,0,0.5590114593505859
crazing_228.jpg,15.538349151611328,121.22047424316406,199.70843505859375,199.97286987304688,0,0.29665911197662354
crazing_230.jpg,5.821266174316406,92.64968872070312,179.02557373046875,177.35511779785156,0,0.3725678622722626
crazing_252.jpg,1.3827896118164062,0.3836679458618164,149.0743408203125,61.3544807434082,0,0.5842341184616089
crazing_252.jpg,2.4797821044921875,80.90805053710938,134.48089599609375,132.58038330078125,0,0.38165250420570374
crazing_252.jpg,0.0,0.38974761962890625,187.21929931640625,72.29412078857422,0,0.3592267334461212
crazing_265.jpg,0.41736602783203125,115.78240966796875,130.4965362548828,183.36610412597656,0,0.45023685693740845
crazing_265.jpg,1.0033226013183594,31.096572875976562,196.1573486328125,101.21849060058594,0,0.42403644323349
crazing_265.jpg,2.6788330078125,114.82795715332031,195.28216552734375,183.65525817871094,0,0.2592383325099945
crazing_280.jpg,0.0,109.45411682128906,104.46157836914062,186.40028381347656,0,0.37903299927711487
crazing_280.jpg,51.57106399536133,7.289724349975586,193.2306671142578,80.50230407714844,0,0.26911601424217224
crazing_297.jpg,0.03670692443847656,21.49557876586914,110.23439025878906,98.03395080566406,0,0.7162969708442688
crazing_297.jpg,7.302989959716797,110.5118408203125,185.93997192382812,167.7198944091797,0,0.35722804069519043
crazing_300.jpg,0.43822288513183594,106.25669860839844,111.00784301757812,183.48562622070312,0,0.4054764211177826
crazing_300.jpg,3.5112380981445312,145.80409240722656,195.43258666992188,200.0,0,0.26945221424102783
crazing_47.jpg,0.09473800659179688,151.4989013671875,71.27714538574219,199.9797821044922,0,0.26409322023391724
crazing_47.jpg,8.960247039794922,36.51954650878906,101.59078979492188,150.2835235595703,0,0.25342032313346863
crazing_50.jpg,17.532901763916016,140.94984436035156,198.89828491210938,199.83140563964844,0,0.4504922032356262
crazing_52.jpg,69.21379089355469,119.34993743896484,199.21853637695312,192.55618286132812,0,0.43130022287368774
crazing_64.jpg,21.078510284423828,130.6605987548828,130.19837951660156,193.6866455078125,0,0.39981964230537415
crazing_64.jpg,126.68603515625,0.37276268005371094,199.9271240234375,70.90153503417969,0,0.36224162578582764
crazing_64.jpg,8.567428588867188,1.089935302734375,107.71554565429688,88.74017333984375,0,0.326276570558548
crazing_64.jpg,22.00338363647461,133.11521911621094,164.29710388183594,198.5902557373047,0,0.30897343158721924
crazing_88.jpg,29.091205596923828,29.350378036499023,199.25790405273438,87.46774291992188,0,0.4452124834060669
crazing_88.jpg,32.54890441894531,103.08486938476562,199.46804809570312,155.70941162109375,0,0.26135098934173584
crazing_89.jpg,109.71977233886719,8.682403564453125,198.37196350097656,56.119728088378906,0,0.46700167655944824
crazing_92.jpg,1.8351364135742188,113.04910278320312,197.27618408203125,200.0,0,0.5149540305137634
crazing_92.jpg,95.23033142089844,108.39967346191406,198.7938690185547,199.78369140625,0,0.34973856806755066
inclusion_104.jpg,14.314894676208496,0.10877609252929688,61.90569305419922,199.69467163085938,1,0.8336454033851624
inclusion_104.jpg,116.43286895751953,104.866943359375,134.23846435546875,165.9453582763672,1,0.7169588804244995
inclusion_104.jpg,48.316566467285156,0.0,73.7485580444336,82.47795104980469,1,0.4839077591896057
inclusion_121.jpg,110.76626586914062,9.750995635986328,158.62249755859375,200.0,1,0.825765073299408
inclusion_121.jpg,76.61602783203125,162.77255249023438,93.604736328125,200.0,1,0.7262781262397766
inclusion_122.jpg,132.33392333984375,0.0,158.20901489257812,96.6269302368164,1,0.8276452422142029
inclusion_122.jpg,19.113346099853516,0.0,67.33918762207031,200.0,1,0.7716423273086548
inclusion_122.jpg,107.62989807128906,134.87689208984375,139.76126098632812,199.87811279296875,1,0.717880129814148
inclusion_122.jpg,14.770913124084473,164.59744262695312,34.20427703857422,200.0,1,0.5580235123634338
inclusion_122.jpg,163.4078369140625,0.0446772575378418,180.2327880859375,22.280838012695312,1,0.47549355030059814
inclusion_122.jpg,112.67619323730469,74.2989730834961,132.98458862304688,110.08485412597656,1,0.3905365467071533
inclusion_122.jpg,161.94190979003906,0.0,180.2930450439453,29.867183685302734,1,0.3647819757461548
inclusion_122.jpg,107.40338134765625,74.54341888427734,139.87379455566406,200.0,1,0.3633340299129486
inclusion_122.jpg,163.68099975585938,0.0,180.36557006835938,14.917900085449219,1,0.3134647309780121
inclusion_132.jpg,64.48204803466797,0.0,97.37364959716797,199.939453125,1,0.6885786652565002
inclusion_132.jpg,67.9277114868164,0.0,118.21186828613281,196.3658447265625,1,0.26228049397468567
inclusion_137.jpg,49.530582427978516,0.09906768798828125,75.37918090820312,46.726905822753906,1,0.7199188470840454
inclusion_137.jpg,96.46770477294922,120.00253295898438,109.5376205444336,144.618896484375,1,0.5273733139038086
inclusion_142.jpg,142.2754669189453,130.91650390625,160.2835235595703,172.1312255859375,1,0.8186224102973938
inclusion_142.jpg,56.685935974121094,33.112152099609375,71.79725646972656,56.447811126708984,1,0.7134354710578918
inclusion_154.jpg,91.58397674560547,108.65621948242188,121.78109741210938,200.0,1,0.8723394274711609
inclusion_154.jpg,156.79241943359375,0.0493621826171875,200.0,196.831298828125,1,0.8056591153144836
inclusion_154.jpg,96.19432067871094,6.287450790405273,117.9593276977539,61.683128356933594,1,0.6609066724777222
inclusion_154.jpg,168.50180053710938,0.035686492919921875,200.0,162.49559020996094,1,0.6460412740707397
inclusion_154.jpg,48.955528259277344,100.72097778320312,83.7284927368164,175.83082580566406,1,0.6022247076034546
inclusion_154.jpg,113.33961486816406,74.22743225097656,128.96949768066406,108.01589965820312,1,0.36677464842796326
inclusion_154.jpg,48.657806396484375,20.291828155517578,86.48743438720703,172.56240844726562,1,0.2734816372394562
inclusion_154.jpg,0.06587505340576172,0.0,22.723087310791016,31.357769012451172,1,0.25853434205055237
inclusion_16.jpg,164.32086181640625,0.0,196.53872680664062,122.47364044189453,1,0.7245801687240601
inclusion_16.jpg,117.56294250488281,0.194244384765625,147.8009796142578,199.640625,1,0.6931531429290771
inclusion_16.jpg,185.7366943359375,161.86581420898438,200.0,200.0,1,0.48617830872535706
inclusion_16.jpg,166.80059814453125,122.56202697753906,185.4484405517578,184.44664001464844,1,0.29819539189338684
inclusion_190.jpg,14.489068984985352,29.568159103393555,30.36880111694336,71.39759063720703,1,0.7626185417175293
inclusion_190.jpg,60.3950309753418,9.320411682128906,99.81216430664062,200.0,1,0.6530581712722778
inclusion_190.jpg,133.81605529785156,0.04242897033691406,152.55052185058594,40.256324768066406,1,0.5876637697219849
inclusion_190.jpg,16.66417694091797,35.27202606201172,58.607784271240234,199.93899536132812,1,0.5832493901252747
inclusion_198.jpg,57.829505920410156,0.05218505859375,113.90315246582031,200.0,1,0.8722104430198669
inclusion_198.jpg,157.09439086914062,117.50028991699219,176.16737365722656,163.17747497558594,1,0.7983351349830627
inclusion_220.jpg,54.12944030761719,7.5131988525390625,98.01998901367188,199.74566650390625,1,0.8262068629264832
inclusion_227.jpg,29.33051872253418,155.70468139648438,51.201629638671875,200.0,1,0.6848719120025635
inclusion_227.jpg,67.08120727539062,0.490264892578125,93.97431945800781,72.37877655029297,1,0.3526152968406677
inclusion_228.jpg,91.25814819335938,92.85581970214844,108.70851135253906,127.75979614257812,1,0.7500404715538025
inclusion_235.jpg,79.45999908447266,79.79782104492188,134.7517547607422,180.9943389892578,1,0.7421036958694458
inclusion_235.jpg,55.66482925415039,13.019485473632812,73.23262786865234,44.95964050292969,1,0.734270453453064
inclusion_235.jpg,66.26647186279297,69.9971694946289,86.3047103881836,111.08601379394531,1,0.5258027911186218
inclusion_235.jpg,83.3164291381836,0.1807880401611328,114.29179382324219,43.887386322021484,1,0.4600202441215515
inclusion_235.jpg,83.31511688232422,0.0,115.50534057617188,22.81116485595703,1,0.3436744511127472
inclusion_237.jpg,130.1756591796875,146.22921752929688,165.51171875,199.99407958984375,1,0.642017126083374
inclusion_237.jpg,21.9753360748291,71.91796112060547,49.52362823486328,128.8885498046875,1,0.4797508716583252
inclusion_237.jpg,74.68069458007812,137.77281188964844,88.229736328125,165.40869140625,1,0.38958823680877686
inclusion_243.jpg,7.141326904296875,71.7259292602539,40.34662628173828,139.46688842773438,1,0.8059104084968567
inclusion_243.jpg,133.9603271484375,68.463623046875,152.737548828125,115.6581802368164,1,0.742568850517273
inclusion_243.jpg,27.903099060058594,17.598087310791016,44.55970001220703,63.94247055053711,1,0.7046303749084473
inclusion_243.jpg,133.80152893066406,49.206153869628906,152.69773864746094,116.3517074584961,1,0.3626929521560669
inclusion_243.jpg,0.032918453216552734,27.342348098754883,11.456336975097656,81.40128326416016,1,0.3375667333602905
inclusion_243.jpg,55.64414978027344,44.182071685791016,74.25080108642578,85.91327667236328,1,0.30769655108451843
inclusion_25.jpg,9.951515197753906,0.0005626678466796875,45.218910217285156,155.132080078125,1,0.8144066333770752
inclusion_25.jpg,108.16252136230469,0.0,148.69073486328125,182.4345703125,1,0.7891989350318909
inclusion_25.jpg,59.53114318847656,0.09489059448242188,83.74893188476562,47.54852294921875,1,0.7250895500183105
inclusion_25.jpg,27.07300567626953,166.76925659179688,46.1721076965332,200.0,1,0.7036532759666443
inclusion_25.jpg,151.27267456054688,162.69473266601562,170.38064575195312,199.98577880859375,1,0.5545011162757874
inclusion_25.jpg,171.599853515625,103.97384643554688,191.561767578125,171.82403564453125,1,0.3129565715789795
inclusion_263.jpg,82.28330993652344,17.985925674438477,108.28916931152344,155.5935821533203,1,0.7173304557800293
inclusion_263.jpg,79.78128051757812,151.58651733398438,101.080078125,199.0670928955078,1,0.6619638204574585
inclusion_27.jpg,149.83518981933594,45.98571014404297,173.07594299316406,111.61849975585938,1,0.8315573334693909
inclusion_27.jpg,92.61061096191406,126.99812316894531,109.09585571289062,165.50592041015625,1,0.7488266825675964
inclusion_27.jpg,54.698341369628906,89.90617370605469,77.66898345947266,170.32058715820312,1,0.6955209970474243
inclusion_27.jpg,16.08782196044922,74.15959167480469,37.923118591308594,121.52781677246094,1,0.6780322194099426
inclusion_27.jpg,145.8939208984375,106.59597778320312,168.2585906982422,154.88027954101562,1,0.6621336936950684
inclusion_27.jpg,2.1611642837524414,0.024700164794921875,27.832279205322266,38.88487243652344,1,0.6599091291427612
inclusion_27.jpg,103.75934600830078,0.0,131.4315643310547,95.06906127929688,1,0.6278928518295288
inclusion_27.jpg,3.9056849479675293,180.55397033691406,27.36829376220703,200.0,1,0.5760263800621033
inclusion_27.jpg,60.01017761230469,23.054304122924805,82.6329345703125,51.761112213134766,1,0.5530805587768555
inclusion_27.jpg,64.59061431884766,0.0,81.05374145507812,10.53042984008789,1,0.5041722059249878
inclusion_27.jpg,61.3996696472168,52.54395294189453,76.77871704101562,83.47752380371094,1,0.42932891845703125
inclusion_27.jpg,145.84996032714844,46.01245880126953,174.15499877929688,155.15631103515625,1,0.4178926348686218
inclusion_27.jpg,117.35576629638672,177.5994110107422,138.2091064453125,200.0,1,0.34169435501098633
inclusion_27.jpg,56.537635803222656,171.68582153320312,73.96475219726562,199.996826171875,1,0.3359450399875641
inclusion_27.jpg,118.00899505615234,178.84295654296875,161.5460968017578,200.0,1,0.251628041267395
inclusion_271.jpg,24.054746627807617,0.0,56.051692962646484,199.9665069580078,1,0.6867195963859558
inclusion_271.jpg,69.334228515625,11.119871139526367,92.67597961425781,132.9248504638672,1,0.5392795205116272
inclusion_271.jpg,70.05240631103516,50.608482360839844,91.90470886230469,132.5777587890625,1,0.4182312488555908
inclusion_271.jpg,140.81369018554688,0.0,162.75941467285156,15.834835052490234,1,0.4139740467071533
inclusion_271.jpg,26.61514663696289,2.0772838592529297,53.26696014404297,120.87019348144531,1,0.35909050703048706
inclusion_271.jpg,135.05162048339844,127.69143676757812,159.63311767578125,200.0,1,0.3562074899673462
inclusion_271.jpg,172.41140747070312,127.12147521972656,199.284912109375,199.52755737304688,1,0.2699835002422333
inclusion_35.jpg,118.63107299804688,8.45529556274414,155.06346130371094,92.9404296875,1,0.7968776226043701
inclusion_35.jpg,117.23710632324219,124.6659164428711,146.88255310058594,200.0,1,0.6308934688568115
inclusion_35.jpg,149.8553466796875,2.932758331298828,186.68765258789062,200.0,1,0.6082221865653992
inclusion_38.jpg,12.90003776550293,0.0,66.1247329711914,199.936279296875,1,0.8731315732002258
inclusion_38.jpg,139.47958374023438,0.11592864990234375,184.76766967773438,194.5541229248047,1,0.7212453484535217
inclusion_38.jpg,66.74376678466797,75.89049530029297,90.38458251953125,146.4444580078125,1,0.5153588056564331
inclusion_38.jpg,82.63656616210938,150.08358764648438,105.62129974365234,200.0,1,0.4054906964302063
inclusion_38.jpg,182.635009765625,25.622596740722656,199.99896240234375,199.84768676757812,1,0.3137204945087433
inclusion_38.jpg,73.045166015625,120.1675796508789,98.19121551513672,178.5384979248047,1,0.25080105662345886
inclusion_47.jpg,99.12649536132812,0.07754325866699219,122.96942138671875,47.11099624633789,1,0.7694138884544373
inclusion_47.jpg,103.42388153076172,0.0,139.72384643554688,200.0,1,0.6003148555755615
inclusion_47.jpg,137.39910888671875,0.218658447265625,170.22064208984375,183.00106811523438,1,0.33866289258003235
inclusion_47.jpg,104.28890228271484,0.0,167.80746459960938,200.0,1,0.2928578853607178
inclusion_47.jpg,137.9044189453125,0.6774044036865234,169.56483459472656,106.66569519042969,1,0.2662583291530609
inclusion_53.jpg,25.40247917175293,0.24564743041992188,59.08708572387695,164.37091064453125,1,0.8017645478248596
inclusion_54.jpg,79.969482421875,0.0,112.04843139648438,80.47689819335938,1,0.7809198498725891
inclusion_54.jpg,81.01454162597656,74.81004333496094,116.66179656982422,200.0,1,0.7422819137573242
inclusion_58.jpg,107.87003326416016,79.23880767822266,136.9761505126953,157.23411560058594,1,0.8111945986747742
inclusion_58.jpg,60.9681510925293,92.80825805664062,83.68101501464844,148.68936157226562,1,0.6502727270126343
inclusion_58.jpg,111.57107543945312,0.1507091522216797,131.28627014160156,37.77839279174805,1,0.41905009746551514
inclusion_7.jpg,5.506095886230469,54.706146240234375,146.11338806152344,83.5337142944336,1,0.7941164374351501
inclusion_7.jpg,151.81146240234375,59.58719253540039,183.7380828857422,76.3712158203125,1,0.4650806784629822
inclusion_72.jpg,92.67609405517578,40.22449493408203,123.40725708007812,110.96866607666016,1,0.847449779510498
inclusion_72.jpg,0.10625302791595459,77.88246154785156,9.714526176452637,136.91580200195312,1,0.5117242336273193
inclusion_8.jpg,63.67908477783203,134.00343322753906,198.3338623046875,163.92478942871094,1,0.7857568264007568
inclusion_8.jpg,23.760868072509766,142.91700744628906,55.62559127807617,160.75909423828125,1,0.37909966707229614
inclusion_93.jpg,88.67536926269531,87.29368591308594,114.1396484375,181.29922485351562,1,0.8066768646240234
inclusion_93.jpg,150.0502166748047,98.78829956054688,174.21400451660156,175.05374145507812,1,0.8049008250236511
inclusion_93.jpg,160.65585327148438,24.543535232543945,178.56906127929688,84.85704040527344,1,0.7811033725738525
inclusion_93.jpg,44.391117095947266,21.38319969177246,60.477352142333984,62.96177673339844,1,0.6855605840682983
inclusion_93.jpg,56.746559143066406,85.00324249267578,78.36625671386719,132.27401733398438,1,0.6692578196525574
patches_103.jpg,59.683074951171875,29.715709686279297,118.91937255859375,173.3181610107422,2,0.8548675775527954
patches_105.jpg,116.81034088134766,0.0,172.95352172851562,52.66692352294922,2,0.9326140880584717
patches_105.jpg,27.312423706054688,0.0,76.62299346923828,91.2327651977539,2,0.8871732354164124
patches_105.jpg,131.39846801757812,81.97853088378906,175.16131591796875,200.0,2,0.8666859269142151
patches_105.jpg,0.0,123.25341033935547,15.730144500732422,157.3916015625,2,0.39318862557411194
patches_122.jpg,67.52033996582031,28.874542236328125,108.23051452636719,62.36186218261719,2,0.8568836450576782
patches_122.jpg,16.783126831054688,0.0,56.62113571166992,28.124252319335938,2,0.8539282083511353
patches_122.jpg,110.59551239013672,4.180936813354492,156.2786865234375,71.613037109375,2,0.8410412669181824
patches_122.jpg,76.61892700195312,80.89804077148438,157.4613037109375,187.9704132080078,2,0.7382305264472961
patches_122.jpg,105.14967346191406,146.46058654785156,160.27346801757812,190.2790069580078,2,0.2837408781051636
patches_127.jpg,147.5570526123047,121.08518981933594,186.93955993652344,199.828125,2,0.8747248649597168
patches_127.jpg,0.0,172.84561157226562,50.19507598876953,200.0,2,0.7790100574493408
patches_127.jpg,6.703081130981445,0.0,156.684326171875,127.6180191040039,2,0.5996493101119995
patches_127.jpg,104.72763061523438,0.0,190.95599365234375,122.99301147460938,2,0.3918100595474243
patches_127.jpg,12.702369689941406,0.0,196.92996215820312,111.46821594238281,2,0.30887916684150696
patches_128.jpg,0.0048732757568359375,42.831024169921875,52.90754318237305,185.96444702148438,2,0.8985316753387451
patches_128.jpg,148.00279235839844,0.0,188.21487426757812,59.81178665161133,2,0.8652259707450867
patches_128.jpg,148.81668090820312,58.10869598388672,190.67665100097656,108.80514526367188,2,0.8379678726196289
patches_128.jpg,0.14338254928588867,0.0,27.85015869140625,13.60013484954834,2,0.7118093967437744
patches_128.jpg,157.39614868164062,176.96136474609375,200.0,200.0,2,0.7067447900772095
patches_128.jpg,169.4676971435547,177.7152862548828,199.97283935546875,199.91888427734375,2,0.4068233072757721
patches_141.jpg,128.76669311523438,106.78076171875,191.3937530517578,200.0,2,0.9089335799217224
patches_141.jpg,130.9373779296875,12.76559829711914,179.16799926757812,89.39772033691406,2,0.8746259808540344
patches_141.jpg,70.59123992919922,104.128662109375,98.06031799316406,129.9111785888672,2,0.8192488551139832
patches_141.jpg,40.2362060546875,183.21083068847656,82.3343505859375,200.0,2,0.5993440747261047
patches_144.jpg,21.36448860168457,49.16084289550781,77.49500274658203,138.22384643554688,2,0.8822617530822754
patches_144.jpg,78.37973022460938,8.02438735961914,170.11460876464844,122.11534118652344,2,0.8323034048080444
patches_147.jpg,42.59206771850586,86.54798889160156,105.00721740722656,200.0,2,0.8728473782539368
patches_147.jpg,160.88613891601562,108.1439208984375,200.0,200.0,2,0.8077907562255859
patches_147.jpg,39.31072235107422,0.0,90.43624877929688,77.15606689453125,2,0.7817663550376892
patches_147.jpg,157.59640502929688,0.06978988647460938,199.9835205078125,100.50856018066406,2,0.726690948009491
patches_147.jpg,159.3494110107422,0.0,199.97576904296875,197.9893341064453,2,0.4672132730484009
patches_155.jpg,133.2088165283203,0.04820823669433594,198.0943603515625,98.68445587158203,2,0.9137245416641235
patches_155.jpg,131.46051025390625,134.20950317382812,175.68777465820312,199.93179321289062,2,0.8931880593299866
patches_155.jpg,0.9259605407714844,0.0,65.97767639160156,158.7494659423828,2,0.8340768814086914
patches_155.jpg,74.50041961669922,42.70623016357422,126.68070983886719,116.13887786865234,1,0.7001480460166931
patches_155.jpg,61.32758331298828,0.0,116.00333404541016,23.817459106445312,2,0.6061283349990845
patches_155.jpg,153.5915985107422,108.1466064453125,183.61160278320312,141.77023315429688,1,0.5355322957038879
patches_159.jpg,115.16610717773438,17.419666290283203,158.41275024414062,61.507232666015625,2,0.8765278458595276
patches_159.jpg,109.26583862304688,140.81021118164062,156.11813354492188,198.12664794921875,2,0.8632441759109497
patches_183.jpg,40.32993698120117,31.94976806640625,120.90194702148438,199.4656524658203,2,0.8957757949829102
patches_183.jpg,125.08851623535156,94.1202163696289,199.08010864257812,134.78009033203125,2,0.6564363241195679
patches_183.jpg,127.75218200683594,1.3026809692382812,194.81411743164062,134.26773071289062,2,0.5722466111183167
patches_183.jpg,135.37925720214844,0.09441375732421875,181.79135131835938,96.67340087890625,2,0.3205413520336151
patches_183.jpg,136.07627868652344,0.0025391578674316406,184.69342041015625,17.26799964904785,2,0.25016650557518005
patches_205.jpg,0.0,101.38866424560547,83.25120544433594,200.0,2,0.8018402457237244
patches_205.jpg,111.30570983886719,57.91128158569336,196.22398376464844,200.0,2,0.7962959408760071
patches_205.jpg,0.0,0.14965057373046875,73.01347351074219,97.03750610351562,2,0.6713336110115051
patches_205.jpg,0.021343231201171875,0.5613517761230469,49.13695526123047,98.435546875,2,0.60855633020401
patches_220.jpg,0.000133514404296875,148.56930541992188,50.24953842163086,198.48605346679688,2,0.842136025428772
patches_220.jpg,3.0767345428466797,16.123218536376953,102.89086151123047,143.68621826171875,2,0.6849725246429443
patches_220.jpg,86.2887954711914,9.33807373046875,191.48223876953125,199.70436096191406,2,0.5346552133560181
patches_220.jpg,93.92808532714844,74.04731750488281,173.79632568359375,199.89794921875,2,0.3282747268676758
patches_220.jpg,8.465585708618164,16.813507080078125,145.56985473632812,144.12217712402344,2,0.2896575927734375
patches_227.jpg,97.99684143066406,102.27509307861328,159.29171752929688,146.2290496826172,2,0.9090150594711304
patches_227.jpg,6.890122890472412,78.65707397460938,80.10176086425781,186.0712432861328,2,0.8833581805229187
patches_227.jpg,9.802837371826172,0.0,96.04672241210938,27.258939743041992,2,0.8588153123855591
patches_227.jpg,100.56961059570312,0.00164031982421875,171.7449188232422,91.33787536621094,2,0.7438871264457703
patches_227.jpg,167.2870635986328,164.6634063720703,195.29434204101562,186.8770751953125,1,0.2634614109992981
patches_236.jpg,2.11641788482666,80.46009063720703,78.08039093017578,192.3287811279297,2,0.9095928072929382
patches_236.jpg,127.35139465332031,81.31271362304688,192.5068817138672,192.54965209960938,2,0.8894022107124329
patches_236.jpg,135.44854736328125,0.05367279052734375,187.32553100585938,85.26100158691406,2,0.8042616844177246
patches_239.jpg,100.8507080078125,27.612972259521484,159.95098876953125,135.8114776611328,2,0.8968163132667542
patches_239.jpg,22.0241641998291,117.79434204101562,72.26725769042969,149.43148803710938,2,0.856234073638916
patches_251.jpg,66.15541076660156,0.019445419311523438,125.25131225585938,87.72518920898438,2,0.8768211007118225
patches_252.jpg,127.48016357421875,108.51051330566406,192.87994384765625,149.79251098632812,2,0.887703001499176
patches_252.jpg,20.939912796020508,153.1908416748047,62.94529724121094,195.89508056640625,2,0.8572425842285156
patches_252.jpg,120.48188781738281,164.11111450195312,174.741455078125,199.87936401367188,2,0.8567596077919006
patches_262.jpg,83.82804870605469,78.37398529052734,148.58334350585938,200.0,2,0.8720044493675232
patches_262.jpg,0.0,115.39007568359375,42.094810485839844,185.17005920410156,2,0.861524760723114
patches_262.jpg,14.436230659484863,55.276954650878906,52.21919250488281,103.052978515625,2,0.6654793620109558
patches_268.jpg,15.802104949951172,13.10525894165039,76.7104263305664,199.56610107421875,2,0.8961356282234192
patches_268.jpg,124.50408935546875,122.52185821533203,177.07069396972656,164.1607666015625,2,0.7899042963981628
patches_268.jpg,126.21736145019531,72.79322814941406,180.24386596679688,97.73983001708984,2,0.497028112411499
patches_272.jpg,51.550071716308594,29.30333137512207,108.25326538085938,139.98501586914062,2,0.8655287027359009
patches_292.jpg,61.43896484375,50.009151458740234,104.89472961425781,116.70944213867188,2,0.9010382294654846
patches_292.jpg,140.09710693359375,50.105743408203125,193.65159606933594,170.47386169433594,2,0.8988549709320068
patches_292.jpg,51.04616165161133,0.009565353393554688,100.23944854736328,24.0390625,2,0.7595012784004211
patches_292.jpg,66.71977996826172,175.16680908203125,106.69740295410156,199.99290466308594,2,0.6890555620193481
patches_292.jpg,0.06309032440185547,4.653224945068359,20.564193725585938,44.960880279541016,2,0.5952295064926147
patches_33.jpg,70.42717742919922,118.60973358154297,122.760498046875,167.0484161376953,2,0.846955418586731
patches_33.jpg,71.60967254638672,0.029349327087402344,142.19732666015625,74.88174438476562,2,0.8317144513130188
patches_33.jpg,71.79056549072266,172.39097595214844,123.01568603515625,199.98870849609375,2,0.6942461729049683
patches_34.jpg,150.82496643066406,126.41020202636719,193.18035888671875,168.64239501953125,2,0.8770645260810852
patches_34.jpg,56.73748016357422,99.02189636230469,99.03357696533203,156.01808166503906,2,0.8295387029647827
patches_34.jpg,47.02535629272461,44.34405517578125,99.09492492675781,91.82498168945312,2,0.8269352912902832
patches_34.jpg,38.64105987548828,0.0,94.50340270996094,10.691465377807617,2,0.28110456466674805
patches_41.jpg,33.445770263671875,119.4124755859375,77.09109497070312,187.242919921875,2,0.8831773400306702
patches_41.jpg,20.717756271362305,40.6269645690918,59.34967041015625,74.54806518554688,2,0.8637290000915527
patches_41.jpg,138.423828125,31.987810134887695,175.39292907714844,67.9312973022461,2,0.27824530005455017
patches_61.jpg,76.23121643066406,0.0,123.08370971679688,64.49554443359375,2,0.9056426882743835
patches_71.jpg,120.2139663696289,1.0163497924804688,163.6724853515625,59.26487350463867,2,0.8830084204673767
patches_71.jpg,122.08560943603516,73.65922546386719,199.7734375,191.32460021972656,2,0.8774210214614868
patches_71.jpg,0.0,0.0,35.9499397277832,50.555667877197266,2,0.8756833076477051
patches_71.jpg,0.37064075469970703,187.4139404296875,31.43291473388672,200.0,2,0.46804365515708923
patches_73.jpg,112.54261016845703,138.845947265625,155.39639282226562,176.93402099609375,2,0.8878532648086548
patches_73.jpg,42.89265060424805,0.007920265197753906,79.41207122802734,26.36600685119629,2,0.8834782838821411
patches_73.jpg,100.8242416381836,0.0,134.38987731933594,24.822246551513672,2,0.7508063912391663
patches_73.jpg,72.11270141601562,88.62922668457031,135.56861877441406,120.64788818359375,2,0.7444682717323303
patches_8.jpg,42.313316345214844,18.950040817260742,74.96186065673828,57.65401840209961,2,0.8701673150062561
patches_8.jpg,92.91191101074219,43.63742446899414,165.11627197265625,126.93305969238281,2,0.8155142068862915
patches_8.jpg,41.504051208496094,136.2213134765625,71.50746154785156,191.021728515625,2,0.48174166679382324
patches_80.jpg,77.87922668457031,68.33526611328125,121.82759094238281,183.60919189453125,2,0.7866352200508118
patches_80.jpg,70.8476333618164,27.476274490356445,104.03399658203125,77.8055419921875,2,0.44911906123161316
pitted_surface_113.jpg,31.055313110351562,0.0,143.92755126953125,199.14588928222656,3,0.9072480797767639
pitted_surface_113.jpg,165.1441650390625,0.0,200.0,199.35940551757812,3,0.7324858903884888
pitted_surface_121.jpg,0.0,0.0,199.99571228027344,199.8238525390625,3,0.7863685488700867
pitted_surface_121.jpg,90.53190612792969,0.0,199.94163513183594,199.30300903320312,3,0.2888840138912201
pitted_surface_124.jpg,0.0,0.0,198.11520385742188,188.92822265625,3,0.5895640850067139
pitted_surface_124.jpg,0.24682998657226562,0.0,102.69641876220703,158.49664306640625,3,0.44290003180503845
pitted_surface_127.jpg,0.12903213500976562,0.0,80.917724609375,199.4070587158203,3,0.8364267349243164
pitted_surface_127.jpg,79.29439544677734,0.0,199.5919647216797,199.8572540283203,3,0.7679867148399353
pitted_surface_135.jpg,109.8678970336914,0.0066375732421875,200.0,199.9352264404297,3,0.9133681654930115
pitted_surface_135.jpg,0.09020805358886719,0.0,87.57958984375,199.47543334960938,3,0.8736810088157654
pitted_surface_152.jpg,0.0,0.0,199.88174438476562,199.90032958984375,3,0.8351224660873413
pitted_surface_162.jpg,0.15869140625,0.0438690185546875,197.82728576660156,200.0,3,0.9367331266403198
pitted_surface_162.jpg,159.31246948242188,0.03543376922607422,199.9323272705078,49.002906799316406,2,0.7428172826766968
pitted_surface_165.jpg,1.5509510040283203,0.117034912109375,158.75311279296875,200.0,3,0.926077663898468
pitted_surface_165.jpg,159.736083984375,19.224529266357422,195.731201171875,174.0859832763672,2,0.6761378645896912
pitted_surface_165.jpg,142.14788818359375,0.05452871322631836,179.73974609375,33.276817321777344,2,0.4876745045185089
pitted_surface_17.jpg,0.0,0.12393951416015625,200.0,200.0,3,0.840084969997406
pitted_surface_172.jpg,154.12094116210938,155.0994110107422,200.0,200.0,2,0.9058433175086975
pitted_surface_172.jpg,81.74976348876953,0.0,200.0,176.59283447265625,3,0.8316529393196106
pitted_surface_172.jpg,19.892053604125977,169.75161743164062,76.06434631347656,199.96258544921875,2,0.6437011957168579
pitted_surface_172.jpg,0.5125808715820312,0.04535675048828125,199.51708984375,172.18386840820312,3,0.2890304923057556
pitted_surface_176.jpg,22.190799713134766,0.3195953369140625,199.7406005859375,199.297607421875,3,0.765159010887146
pitted_surface_188.jpg,60.11920928955078,0.0,200.0,199.2064208984375,3,0.7181147933006287
pitted_surface_188.jpg,1.0452461242675781,0.2036285400390625,200.0,200.0,3,0.5793799161911011
pitted_surface_196.jpg,15.520057678222656,0.45440673828125,200.0,172.12722778320312,3,0.7230539321899414
pitted_surface_196.jpg,52.498626708984375,1.0140800476074219,200.0,121.30258178710938,3,0.39909887313842773
pitted_surface_208.jpg,148.57980346679688,74.04308319091797,200.0,200.0,2,0.8702760934829712
pitted_surface_208.jpg,77.34446716308594,142.8768768310547,145.1429443359375,199.95301818847656,2,0.8469945788383484
pitted_surface_208.jpg,0.0,0.0,155.4092559814453,152.24276733398438,3,0.8276251554489136
pitted_surface_208.jpg,176.81561279296875,0.0,199.8411865234375,12.333298683166504,2,0.5337589979171753
pitted_surface_219.jpg,0.5215263366699219,0.0,157.99081420898438,199.97496032714844,3,0.8619560599327087
pitted_surface_234.jpg,124.96436309814453,0.0,199.84649658203125,187.8759002685547,3,0.3640194833278656
pitted_surface_237.jpg,9.332633018493652,0.7070732116699219,44.970970153808594,27.002466201782227,2,0.7786608338356018
pitted_surface_237.jpg,23.185901641845703,3.3979415893554688,183.5641326904297,199.325439453125,3,0.6836308240890503
pitted_surface_237.jpg,25.480194091796875,113.769775390625,55.28850555419922,148.53814697265625,2,0.2614937126636505
pitted_surface_251.jpg,0.0,0.1161956787109375,200.0,200.0,3,0.7817152142524719
pitted_surface_26.jpg,25.76946258544922,0.4792022705078125,200.0,199.6320343017578,3,0.6888467669487
pitted_surface_26.jpg,80.36083221435547,0.0,199.93765258789062,198.60130310058594,3,0.32132261991500854
pitted_surface_26.jpg,0.0,0.06267547607421875,15.935384750366211,198.99110412597656,3,0.2547470033168793
pitted_surface_285.jpg,21.458782196044922,8.6529541015625,171.04881286621094,199.59210205078125,3,0.4866616427898407
pitted_surface_294.jpg,50.57732391357422,38.45558166503906,79.01226806640625,73.45854187011719,2,0.794886589050293
pitted_surface_294.jpg,8.318729400634766,67.67701721191406,200.0,199.3711700439453,3,0.6986086368560791
pitted_surface_41.jpg,0.0737619400024414,0.5826568603515625,67.43622589111328,199.71728515625,3,0.9438043832778931
pitted_surface_41.jpg,77.80996704101562,0.0,199.8712921142578,198.77947998046875,3,0.7728168964385986
pitted_surface_52.jpg,0.0,0.20906448364257812,199.56448364257812,200.0,3,0.8209916949272156
pitted_surface_57.jpg,0.0,0.13195037841796875,199.79931640625,200.0,3,0.8877337574958801
pitted_surface_6.jpg,0.1679229736328125,0.11922836303710938,200.0,199.72311401367188,3,0.8447414636611938
pitted_surface_62.jpg,0.0,0.0,199.74082946777344,200.0,3,0.764191210269928
pitted_surface_82.jpg,0.0,0.0,150.95223999023438,199.04034423828125,3,0.6640642285346985
pitted_surface_82.jpg,131.64599609375,1.1715316772460938,199.2242431640625,199.5500946044922,3,0.3341248333454132
pitted_surface_87.jpg,0.0,0.4331398010253906,54.169124603271484,163.16033935546875,3,0.8107268214225769
pitted_surface_87.jpg,65.34751892089844,0.0,199.23011779785156,105.25874328613281,3,0.5315986275672913
pitted_surface_88.jpg,0.0,0.0,200.0,200.0,3,0.7939367890357971
pitted_surface_90.jpg,1.9119453430175781,0.0,135.91580200195312,199.57000732421875,3,0.862842321395874
rolled-in_scale_112.jpg,130.65016174316406,81.73269653320312,191.92092895507812,200.0,4,0.8709072470664978
rolled-in_scale_127.jpg,87.03548431396484,168.37403869628906,152.6524658203125,199.86746215820312,4,0.4204234480857849
rolled-in_scale_134.jpg,35.84917068481445,83.92373657226562,79.10415649414062,156.95692443847656,4,0.7123616933822632
rolled-in_scale_134.jpg,95.48529052734375,85.5411376953125,174.8124542236328,149.4239501953125,4,0.46741974353790283
rolled-in_scale_134.jpg,38.716575622558594,11.75912857055664,84.07850646972656,40.54241943359375,4,0.4363030195236206
rolled-in_scale_134.jpg,98.7704849243164,176.66891479492188,152.82647705078125,199.97933959960938,4,0.2985081374645233
rolled-in_scale_142.jpg,52.84797668457031,20.43644905090332,100.40467834472656,99.99828338623047,4,0.6679260730743408
rolled-in_scale_142.jpg,0.1643657684326172,0.0,36.89872741699219,17.039047241210938,4,0.34311020374298096
rolled-in_scale_142.jpg,31.57656478881836,125.07933044433594,73.38318634033203,200.0,4,0.26687902212142944
rolled-in_scale_148.jpg,74.8570785522461,15.150761604309082,118.876708984375,67.17292022705078,4,0.5628138184547424
rolled-in_scale_148.jpg,119.9154052734375,85.28021240234375,162.75518798828125,138.22427368164062,4,0.3269904851913452
rolled-in_scale_154.jpg,130.89117431640625,56.02383041381836,197.3325958251953,112.33516693115234,4,0.7874431014060974
rolled-in_scale_159.jpg,31.57821273803711,56.183509826660156,76.5095443725586,159.94573974609375,4,0.7861624360084534
rolled-in_scale_164.jpg,52.95563507080078,57.70664978027344,108.46247863769531,130.3426513671875,4,0.7885752320289612
rolled-in_scale_164.jpg,54.2882080078125,0.18195629119873047,133.70814514160156,42.844242095947266,4,0.3156455159187317
rolled-in_scale_17.jpg,35.28718566894531,18.369903564453125,88.30030822753906,75.69660949707031,4,0.7812946438789368
rolled-in_scale_17.jpg,130.55828857421875,150.16049194335938,173.75912475585938,198.09974670410156,4,0.515151858329773
rolled-in_scale_17.jpg,34.23012161254883,48.03422927856445,83.10591125488281,76.26155853271484,4,0.43949055671691895
rolled-in_scale_17.jpg,130.32289123535156,51.334617614746094,159.1092529296875,108.9964599609375,4,0.25609493255615234
rolled-in_scale_215.jpg,40.11189270019531,85.1241683959961,84.24986267089844,129.44442749023438,4,0.8491594195365906
rolled-in_scale_215.jpg,114.15115356445312,34.28213119506836,158.802978515625,140.3687286376953,4,0.6598290801048279
rolled-in_scale_215.jpg,114.76310729980469,35.17486572265625,158.177001953125,194.5683135986328,4,0.4997902810573578
rolled-in_scale_228.jpg,47.388973236083984,0.010042190551757812,155.04232788085938,85.03047943115234,4,0.7101978063583374
rolled-in_scale_228.jpg,65.61712646484375,139.42868041992188,177.1365966796875,199.811279296875,4,0.4525545835494995
rolled-in_scale_228.jpg,61.6844367980957,115.16203308105469,175.3143310546875,199.9423370361328,4,0.37844160199165344
rolled-in_scale_235.jpg,32.07672882080078,5.634489059448242,112.86070251464844,66.43692016601562,4,0.7289636731147766
rolled-in_scale_235.jpg,29.44849967956543,80.3607177734375,100.82443237304688,157.65438842773438,4,0.5566278696060181
rolled-in_scale_24.jpg,159.41668701171875,57.88911819458008,188.0914306640625,88.28819274902344,4,0.78669673204422
rolled-in_scale_24.jpg,30.394296646118164,0.04253387451171875,81.81995391845703,47.30891418457031,4,0.5732202529907227
rolled-in_scale_24.jpg,30.371904373168945,0.001773834228515625,112.65270233154297,45.13062286376953,4,0.4833190441131592
rolled-in_scale_24.jpg,163.34556579589844,0.19762039184570312,198.01651000976562,40.933982849121094,4,0.3143399655818939
rolled-in_scale_240.jpg,63.197776794433594,51.7216682434082,143.38723754882812,161.76473999023438,4,0.4086173176765442
rolled-in_scale_240.jpg,76.19589233398438,0.6122732162475586,139.27198791503906,53.80888366699219,4,0.2520788908004761
rolled-in_scale_243.jpg,41.09630584716797,22.34966278076172,141.67581176757812,159.71383666992188,4,0.46223145723342896
rolled-in_scale_245.jpg,7.899513244628906,88.39399719238281,148.94496154785156,199.59164428710938,4,0.3810538947582245
rolled-in_scale_245.jpg,2.0980262756347656,0.0,76.75482177734375,58.218727111816406,4,0.32362136244773865
rolled-in_scale_245.jpg,5.178251266479492,85.79759216308594,94.98249816894531,197.80503845214844,4,0.3188154101371765
rolled-in_scale_261.jpg,14.60275650024414,0.08665084838867188,140.18190002441406,46.924774169921875,4,0.6373280882835388
rolled-in_scale_266.jpg,131.45843505859375,8.806838989257812,199.5472412109375,92.33592987060547,4,0.5585671067237854
rolled-in_scale_266.jpg,0.12238502502441406,1.2462902069091797,85.27233123779297,94.18350219726562,4,0.37076812982559204
rolled-in_scale_266.jpg,130.0130615234375,42.43265151977539,198.5740509033203,91.5255355834961,4,0.3069726228713989
rolled-in_scale_266.jpg,0.0,112.84313201904297,27.705554962158203,190.4766082763672,4,0.27969178557395935
rolled-in_scale_268.jpg,16.192398071289062,149.22508239746094,132.03701782226562,199.949462890625,4,0.6781753897666931
rolled-in_scale_268.jpg,14.699592590332031,85.58084106445312,102.95556640625,138.44244384765625,4,0.31765463948249817
rolled-in_scale_268.jpg,25.830516815185547,20.815095901489258,168.34243774414062,91.02059936523438,4,0.2691144347190857
rolled-in_scale_280.jpg,59.82761001586914,114.85586547851562,166.36978149414062,199.5721435546875,4,0.8020623922348022
rolled-in_scale_280.jpg,60.071468353271484,20.742206573486328,148.32687377929688,88.7962417602539,4,0.7312314510345459
rolled-in_scale_280.jpg,83.87371063232422,123.055419921875,165.7801055908203,199.94265747070312,4,0.296134889125824
rolled-in_scale_282.jpg,26.528472900390625,95.41777038574219,158.47628784179688,199.83349609375,4,0.6579235792160034
rolled-in_scale_282.jpg,24.484272003173828,126.00466918945312,159.97235107421875,199.91024780273438,4,0.26388707756996155
rolled-in_scale_285.jpg,31.276330947875977,119.92765808105469,87.18788146972656,197.03082275390625,4,0.4416838586330414
rolled-in_scale_285.jpg,36.690425872802734,2.839679718017578,170.11862182617188,111.38272094726562,4,0.3345798850059509
rolled-in_scale_285.jpg,41.2727165222168,116.61088562011719,164.4803009033203,198.104736328125,4,0.3234504163265228
rolled-in_scale_285.jpg,38.79228210449219,0.042247772216796875,171.5104522705078,66.8515396118164,4,0.2676604390144348
rolled-in_scale_288.jpg,29.78900909423828,112.78268432617188,152.8634490966797,200.0,4,0.498790442943573
rolled-in_scale_288.jpg,41.46589279174805,8.285751342773438,158.65921020507812,196.179443359375,4,0.4192199409008026
rolled-in_scale_291.jpg,125.03307342529297,90.07892608642578,200.0,200.0,4,0.6933892965316772
rolled-in_scale_291.jpg,84.39645385742188,0.0,198.4960174560547,26.504640579223633,4,0.339596152305603
rolled-in_scale_30.jpg,41.45671844482422,84.23173522949219,80.85295104980469,111.24584197998047,4,0.8206852674484253
rolled-in_scale_30.jpg,56.29650115966797,13.688153266906738,148.69676208496094,48.958465576171875,4,0.5221550464630127
rolled-in_scale_33.jpg,116.76692962646484,29.58904266357422,162.56439208984375,124.58354187011719,4,0.36645156145095825
rolled-in_scale_38.jpg,115.5093002319336,0.7273769378662109,165.43687438964844,49.960609436035156,4,0.5561468601226807
rolled-in_scale_38.jpg,118.60983276367188,95.6247329711914,192.89634704589844,187.967041015625,4,0.46123671531677246
rolled-in_scale_38.jpg,120.82060241699219,92.54024505615234,191.80299377441406,129.93833923339844,4,0.36594757437705994
rolled-in_scale_38.jpg,130.58795166015625,0.15949726104736328,166.40267944335938,29.75151252746582,4,0.35107356309890747
rolled-in_scale_38.jpg,109.8846435546875,150.62664794921875,197.59600830078125,191.4417724609375,4,0.2627256214618683
rolled-in_scale_55.jpg,5.6717634201049805,2.422466278076172,67.50559997558594,180.6220245361328,4,0.7710666656494141
rolled-in_scale_55.jpg,138.79026794433594,0.0,180.827880859375,58.425437927246094,4,0.5964512825012207
rolled-in_scale_66.jpg,0.9579992294311523,87.26070404052734,72.23506164550781,148.06724548339844,4,0.6964713335037231
rolled-in_scale_66.jpg,0.012750625610351562,0.0756978988647461,101.85317993164062,67.30348205566406,4,0.6554228067398071
rolled-in_scale_66.jpg,0.041375160217285156,0.06343841552734375,59.36370849609375,143.04579162597656,4,0.2604829668998718
rolled-in_scale_74.jpg,62.51823043823242,59.349708557128906,110.75916290283203,121.87120056152344,4,0.5207456350326538
rolled-in_scale_74.jpg,62.52546310424805,52.08772659301758,139.2008056640625,122.94493103027344,4,0.4907430112361908
scratches_124.jpg,51.82340621948242,0.03212928771972656,69.56642150878906,92.302734375,5,0.6731000542640686
scratches_124.jpg,142.8945770263672,0.0,158.5200653076172,69.31869506835938,5,0.5859133005142212
scratches_124.jpg,61.41134262084961,0.0,88.90979766845703,20.07623291015625,1,0.26451268792152405
scratches_137.jpg,89.30248260498047,0.0,124.4122314453125,200.0,5,0.8930827379226685
scratches_137.jpg,38.85501480102539,123.97544860839844,51.28615951538086,160.91854858398438,1,0.6761785745620728
scratches_138.jpg,142.88616943359375,0.0,178.41224670410156,200.0,5,0.9161964654922485
scratches_138.jpg,92.5560302734375,120.09674072265625,105.15290069580078,157.2271728515625,1,0.6328307390213013
scratches_158.jpg,45.193843841552734,0.0,68.15087890625,198.91009521484375,5,0.8265726566314697
scratches_158.jpg,121.02027893066406,0.0,134.61965942382812,161.88201904296875,5,0.7546055316925049
scratches_158.jpg,87.32856750488281,64.03082275390625,103.3530044555664,200.0,5,0.7114589810371399
scratches_160.jpg,33.418434143066406,1.3370323181152344,69.17752075195312,130.9107208251953,5,0.7501955032348633
scratches_160.jpg,94.97171020507812,46.91478729248047,113.65919494628906,199.92759704589844,5,0.6068060398101807
scratches_160.jpg,80.12052917480469,60.507225036621094,113.00405883789062,199.70941162109375,5,0.5003247261047363
scratches_160.jpg,77.5394515991211,0.45472145080566406,100.34796905517578,104.23133087158203,5,0.3749900460243225
scratches_160.jpg,191.4030303955078,95.92985534667969,199.99551391601562,200.0,5,0.3344770073890686
scratches_165.jpg,58.41919708251953,0.24059295654296875,98.03557586669922,186.87576293945312,5,0.8345369100570679
scratches_165.jpg,112.13447570800781,0.0,130.62222290039062,200.0,5,0.7209475636482239
scratches_165.jpg,0.05437135696411133,163.69198608398438,7.820031642913818,200.0,1,0.2759782373905182
scratches_172.jpg,144.43601989746094,0.0,165.77017211914062,199.86651611328125,5,0.858790397644043
scratches_172.jpg,26.055580139160156,0.7206439971923828,52.31572723388672,152.8911895751953,5,0.7396886944770813
scratches_172.jpg,32.956199645996094,1.380767822265625,52.13579177856445,161.93069458007812,5,0.6858901977539062
scratches_185.jpg,86.00636291503906,0.0,117.41978454589844,199.71835327148438,5,0.8883310556411743
scratches_185.jpg,140.4560089111328,0.0,152.82913208007812,78.19418334960938,5,0.34107324481010437
scratches_19.jpg,163.14422607421875,18.358497619628906,174.67221069335938,183.62449645996094,5,0.6836975812911987
scratches_19.jpg,192.11337280273438,12.918872833251953,200.0,192.20794677734375,5,0.5021336078643799
scratches_196.jpg,22.202987670898438,0.0,38.64643859863281,200.0,5,0.8010233640670776
scratches_196.jpg,86.34169006347656,67.69844055175781,99.06181335449219,145.30795288085938,5,0.5667275190353394
scratches_196.jpg,104.743896484375,152.33570861816406,117.81446838378906,200.0,5,0.4199858009815216
scratches_196.jpg,164.51690673828125,0.0,199.8681640625,198.99526977539062,1,0.2742402255535126
scratches_198.jpg,104.98974609375,0.0,124.69126892089844,200.0,5,0.8250135779380798
scratches_198.jpg,31.789264678955078,104.263671875,47.19244384765625,200.0,5,0.6806791424751282
scratches_198.jpg,31.897483825683594,0.0,44.63732147216797,56.89535140991211,5,0.5043365955352783
scratches_198.jpg,174.26666259765625,0.24534225463867188,186.9970703125,33.42502212524414,1,0.27932819724082947
scratches_211.jpg,138.18006896972656,0.0,172.94778442382812,195.83981323242188,5,0.822240948677063
scratches_211.jpg,64.26212310791016,0.0,80.825439453125,198.5034942626953,5,0.7608764171600342
scratches_211.jpg,156.2059326171875,148.28648376464844,200.0,180.1085205078125,1,0.5385104417800903
scratches_211.jpg,139.05059814453125,149.4570770263672,200.0,183.14010620117188,1,0.3503365218639374
scratches_22.jpg,17.94816780090332,97.18339538574219,34.86567306518555,199.87672424316406,5,0.808929443359375
scratches_22.jpg,0.02779245376586914,13.004860877990723,23.085315704345703,55.400047302246094,5,0.6300433874130249
scratches_22.jpg,20.63619613647461,0.0,34.72135543823242,75.76060485839844,5,0.59332275390625
scratches_22.jpg,168.82261657714844,0.637359619140625,181.10772705078125,199.78765869140625,5,0.5642626285552979
scratches_22.jpg,0.0,0.0,20.198591232299805,57.892120361328125,5,0.32415682077407837
scratches_229.jpg,70.56851196289062,53.1492805480957,86.8201904296875,199.88858032226562,5,0.7428655624389648
scratches_229.jpg,92.70450592041016,0.04421234130859375,119.55543518066406,40.62035369873047,1,0.29461416602134705
scratches_231.jpg,146.3617706298828,3.7609100341796875,160.8917236328125,200.0,5,0.7291510105133057
scratches_231.jpg,15.673069953918457,0.0,47.44129180908203,183.389404296875,5,0.7284719944000244
scratches_231.jpg,182.50587463378906,1.0984611511230469,199.84817504882812,186.81959533691406,5,0.7258403897285461
scratches_231.jpg,1.5895557403564453,0.0,42.96990203857422,199.15109252929688,5,0.6957172751426697
scratches_231.jpg,28.026750564575195,119.24290466308594,104.87545013427734,149.0390167236328,1,0.5841292142868042
scratches_27.jpg,104.0950927734375,0.0,146.1446533203125,133.48696899414062,5,0.8375554084777832
scratches_27.jpg,59.70863342285156,93.4029541015625,90.60591125488281,155.82098388671875,5,0.827288031578064
scratches_27.jpg,13.681097030639648,0.7801437377929688,62.23212432861328,192.27713012695312,5,0.767981231212616
scratches_27.jpg,127.00904846191406,147.06895446777344,145.32867431640625,200.0,5,0.7017735242843628
scratches_272.jpg,8.768043518066406,82.30596923828125,200.0,116.82977294921875,5,0.7379890084266663
scratches_272.jpg,74.762939453125,33.09696960449219,200.0,68.74079895019531,5,0.6391980051994324
scratches_272.jpg,123.31841278076172,8.566618919372559,200.0,31.46963119506836,5,0.3335151970386505
scratches_272.jpg,0.07463455200195312,190.41766357421875,162.6405029296875,200.0,5,0.32282185554504395
scratches_281.jpg,16.708984375,16.879676818847656,199.6321258544922,41.79667663574219,5,0.6158843040466309
scratches_281.jpg,0.06326675415039062,94.7061996459961,37.600364685058594,122.00186920166016,5,0.45183393359184265
scratches_281.jpg,66.61002349853516,99.77874755859375,137.70010375976562,140.4393768310547,5,0.2990027368068695
scratches_281.jpg,179.06121826171875,109.14531707763672,199.94627380371094,120.83784484863281,5,0.28957176208496094
scratches_288.jpg,59.84173583984375,0.0,86.58085632324219,199.82470703125,5,0.862150251865387
scratches_30.jpg,86.28734588623047,90.69965362548828,115.64421081542969,192.55596923828125,5,0.804684579372406
scratches_30.jpg,14.822626113891602,0.0,39.43375015258789,74.18974304199219,5,0.7858582139015198
scratches_30.jpg,129.25782775878906,0.0,145.27593994140625,100.05565643310547,5,0.7324638366699219
scratches_30.jpg,60.398109436035156,0.0,80.62020874023438,26.958656311035156,5,0.6948485374450684
scratches_30.jpg,128.6787567138672,147.521240234375,144.3484649658203,200.0,5,0.6265116930007935
scratches_30.jpg,0.11380553245544434,188.7176513671875,13.687478065490723,200.0,5,0.27018874883651733
scratches_48.jpg,156.17413330078125,37.25738525390625,184.484375,200.0,5,0.8177407383918762
scratches_48.jpg,31.255508422851562,0.0,56.3386116027832,48.30909729003906,1,0.7199681401252747
scratches_5.jpg,135.8152618408203,24.856643676757812,199.82147216796875,200.0,5,0.8495102524757385
scratches_54.jpg,31.857765197753906,0.44200897216796875,73.98986053466797,199.61270141601562,5,0.8818507790565491
scratches_68.jpg,2.3210763931274414,34.34562683105469,30.130605697631836,200.0,5,0.7226803302764893
scratches_68.jpg,106.96836853027344,58.656002044677734,123.54063415527344,199.52430725097656,5,0.7096819281578064
scratches_68.jpg,32.30450439453125,40.069427490234375,48.57994842529297,163.96249389648438,5,0.587234616279602
scratches_71.jpg,85.43270111083984,0.0,97.0263671875,199.979248046875,5,0.6663974523544312
scratches_79.jpg,49.76658630371094,5.842437744140625,67.91095733642578,199.30157470703125,5,0.8594555258750916
scratches_79.jpg,100.7264633178711,11.744861602783203,113.3165054321289,199.54165649414062,5,0.7480616569519043
scratches_80.jpg,138.9153289794922,0.0,152.4586181640625,199.23489379882812,5,0.7533595561981201
scratches_80.jpg,137.81121826171875,30.397090911865234,150.46685791015625,199.9746551513672,5,0.2684630751609802
scratches_84.jpg,142.99871826171875,16.606159210205078,154.13014221191406,200.0,5,0.7489955425262451
scratches_9.jpg,132.76512145996094,0.4138946533203125,182.43492126464844,186.0728759765625,5,0.8596264719963074
scratches_9.jpg,144.68260192871094,127.69378662109375,165.8425750732422,188.0802764892578,5,0.372139036655426
scratches_9.jpg,139.21533203125,127.68751525878906,164.44586181640625,200.0,5,0.30734217166900635
scratches_95.jpg,20.220300674438477,48.62140655517578,36.360374450683594,200.0,5,0.7829962968826294
scratches_95.jpg,73.56017303466797,1.4038467407226562,126.10484313964844,200.0,1,0.548001766204834
scratches_95.jpg,187.40478515625,98.35059356689453,199.9920654296875,120.308349609375,1,0.34013599157333374
